"date","hour","pressure","sea_pressure","wind_direction","wind_speed","temperature","rel_humidity","precipitation"
"2016-07-01","0","1000.4000","1005.3000","225.0000","2.1000","26.4000","94.0000","0.0000"
"2016-07-01","3","1000.5000","1005.3000","187.0000","2.7000","29.0000","76.0000","0.0000"
"2016-07-01","6","998.9000","1003.7000","212.0000","2.9000","31.7000","67.0000","0.0000"
"2016-07-01","9","998.7000","1003.5000","244.0000","2.7000","31.6000","59.0000","0.0000"
"2016-07-01","12","999.7000","1004.5000","222.0000","1.3000","29.9000","68.0000","0.0000"
"2016-07-01","15","1000.0000","1004.8000","102.0000","1.6000","27.8000","82.0000","0.0000"
"2016-07-01","18","998.8000","1003.6000","202.0000","1.9000","26.0000","89.0000","0.0000"
"2016-07-01","21","1000.2000","1005.0000","334.0000","2.2000","25.5000","90.0000","0.0000"
"2016-07-02","0","1001.6000","1006.4000","315.0000","1.8000","26.8000","82.0000","0.0000"
"2016-07-02","3","1002.4000","1007.2000","46.0000","3.2000","30.0000","70.0000","0.0000"
"2016-07-02","6","1001.3000","1006.2000","37.0000","2.2000","29.3000","80.0000","1.0000"
"2016-07-02","9","1001.9000","1006.8000","345.0000","2.4000","25.9000","95.0000","10.2000"
"2016-07-02","12","1003.6000","1008.5000","113.0000","1.0000","25.1000","94.0000","0.2000"
"2016-07-02","15","1002.4000","1007.3000","138.0000","1.0000","25.3000","96.0000","0.0000"
"2016-07-02","18","1000.9000","1005.8000","221.0000","0.7000","25.4000","96.0000","0.0000"
"2016-07-02","21","1000.9000","1005.8000","999017.0000","0.1000","25.2000","98.0000","0.0000"
"2016-07-03","0","1001.5000","1006.4000","220.0000","1.5000","25.8000","97.0000","0.0000"
"2016-07-03","3","1001.5000","1006.4000","200.0000","1.6000","27.0000","93.0000","0.1000"
"2016-07-03","6","1000.8000","1005.7000","207.0000","1.8000","27.4000","92.0000","0.0000"
"2016-07-03","9","1000.8000","1005.7000","223.0000","1.1000","27.7000","91.0000","0.1000"
"2016-07-03","12","1001.6000","1006.5000","137.0000","0.6000","26.9000","91.0000","0.0000"
"2016-07-03","15","1002.2000","1007.1000","173.0000","0.4000","26.0000","96.0000","0.1000"
"2016-07-03","18","1000.5000","1005.4000","330.0000","0.7000","25.7000","98.0000","0.4000"
"2016-07-03","21","1000.4000","1005.3000","999017.0000","0.0000","25.7000","98.0000","0.0000"
"2016-07-04","0","1000.6000","1005.5000","176.0000","2.0000","26.3000","97.0000","0.0000"
"2016-07-04","3","1000.5000","1005.3000","179.0000","2.1000","31.8000","69.0000","0.0000"
"2016-07-04","6","999.7000","1004.5000","160.0000","1.7000","34.7000","56.0000","0.0000"
"2016-07-04","9","998.8000","1003.6000","287.0000","1.4000","34.8000","55.0000","0.0000"
"2016-07-04","12","1001.1000","1006.0000","340.0000","1.0000","29.7000","78.0000","0.0000"
"2016-07-04","15","1001.1000","1005.9000","188.0000","1.3000","27.8000","79.0000","0.0000"
"2016-07-04","18","1000.8000","1005.6000","188.0000","2.2000","27.7000","80.0000","0.0000"
"2016-07-04","21","1002.8000","1007.6000","261.0000","0.3000","26.5000","87.0000","0.0000"
"2016-07-05","0","1003.9000","1008.7000","205.0000","2.0000","28.9000","78.0000","0.0000"
"2016-07-05","3","1004.7000","1009.5000","122.0000","1.2000","33.2000","62.0000","0.0000"
"2016-07-05","6","1003.7000","1008.5000","192.0000","3.2000","34.8000","53.0000","0.0000"
"2016-07-05","9","1004.4000","1009.3000","334.0000","5.3000","28.7000","74.0000","0.0000"
"2016-07-05","12","1006.7000","1011.6000","287.0000","0.7000","25.7000","91.0000","0.7000"
"2016-07-05","15","1006.8000","1011.7000","224.0000","2.0000","25.0000","93.0000","0.7000"
"2016-07-05","18","1006.5000","1011.3000","205.0000","1.0000","24.7000","96.0000","0.0000"
"2016-07-05","21","1006.8000","1011.7000","229.0000","1.2000","24.6000","96.0000","0.0000"
"2016-07-06","0","1007.5000","1012.4000","188.0000","1.4000","26.0000","90.0000","0.0000"
"2016-07-06","3","1007.5000","1012.4000","183.0000","2.3000","32.0000","63.0000","0.0000"
"2016-07-06","6","1006.4000","1011.2000","98.0000","2.2000","34.7000","54.0000","0.0000"
"2016-07-06","9","1004.8000","1009.6000","94.0000","2.0000","34.2000","54.0000","0.0000"
"2016-07-06","12","1006.0000","1010.9000","348.0000","2.6000","30.5000","76.0000","0.0000"
"2016-07-06","15","1006.4000","1011.2000","326.0000","1.9000","28.4000","84.0000","0.0000"
"2016-07-06","18","1005.5000","1010.3000","302.0000","2.8000","27.3000","92.0000","0.0000"
"2016-07-06","21","1005.8000","1010.6000","311.0000","1.5000","26.9000","93.0000","0.0000"
"2016-07-07","0","1005.8000","1010.6000","160.0000","1.9000","30.4000","72.0000","0.0000"
"2016-07-07","3","1005.9000","1010.7000","276.0000","1.1000","32.0000","63.0000","0.0000"
"2016-07-07","6","1003.7000","1008.5000","336.0000","2.7000","32.4000","69.0000","0.0000"
"2016-07-07","9","1002.5000","1007.3000","76.0000","5.1000","31.5000","68.0000","0.0000"
"2016-07-07","12","1003.4000","1008.2000","108.0000","1.4000","28.2000","71.0000","0.0000"
"2016-07-07","15","1002.9000","1007.7000","47.0000","2.1000","28.0000","84.0000","0.0000"
"2016-07-07","18","1002.4000","1007.2000","63.0000","2.1000","27.1000","89.0000","0.0000"
"2016-07-07","21","1002.1000","1006.9000","24.0000","1.8000","26.8000","90.0000","0.0000"
"2016-07-08","0","1002.8000","1007.7000","62.0000","3.3000","27.7000","83.0000","0.0000"
"2016-07-08","3","1001.7000","1006.5000","100.0000","3.3000","31.5000","65.0000","0.0000"
"2016-07-08","6","1000.5000","1005.3000","95.0000","4.6000","29.6000","73.0000","0.0000"
"2016-07-08","9","999.1000","1003.9000","80.0000","3.3000","31.5000","64.0000","0.0000"
"2016-07-08","12","1000.4000","1005.2000","56.0000","2.9000","28.3000","79.0000","0.0000"
"2016-07-08","15","1000.4000","1005.2000","62.0000","3.6000","27.3000","84.0000","0.0000"
"2016-07-08","18","999.3000","1004.1000","70.0000","1.9000","27.2000","86.0000","0.0000"
"2016-07-08","21","999.7000","1004.5000","73.0000","1.8000","26.9000","89.0000","0.0000"
"2016-07-09","0","1000.0000","1004.8000","76.0000","1.8000","27.2000","89.0000","0.0000"
"2016-07-09","3","999.4000","1004.2000","78.0000","3.7000","29.4000","78.0000","0.0000"
"2016-07-09","6","998.1000","1002.9000","85.0000","4.4000","30.1000","74.0000","0.0000"
"2016-07-09","9","997.9000","1002.8000","71.0000","2.7000","27.1000","92.0000","7.3000"
"2016-07-09","12","998.2000","1003.1000","63.0000","2.2000","26.7000","93.0000","0.2000"
"2016-07-09","15","998.5000","1003.3000","89.0000","3.0000","27.0000","92.0000","0.0000"
"2016-07-09","18","997.1000","1001.9000","76.0000","2.8000","26.8000","91.0000","0.0000"
"2016-07-09","21","997.2000","1002.0000","96.0000","2.5000","26.8000","91.0000","0.0000"
"2016-07-10","0","997.1000","1001.9000","30.0000","1.9000","28.1000","87.0000","0.0000"
"2016-07-10","3","996.7000","1001.5000","102.0000","1.9000","30.9000","76.0000","0.0000"
"2016-07-10","6","994.9000","999.7000","85.0000","2.7000","29.6000","83.0000","0.0000"
"2016-07-10","9","994.6000","999.4000","58.0000","2.9000","28.7000","81.0000","0.0000"
"2016-07-10","12","996.0000","1000.8000","35.0000","1.8000","27.9000","87.0000","0.0000"
"2016-07-10","15","996.4000","1001.2000","45.0000","1.6000","27.4000","92.0000","0.1000"
"2016-07-10","18","995.5000","1000.3000","73.0000","0.7000","27.0000","95.0000","0.1000"
"2016-07-10","21","995.4000","1000.2000","43.0000","0.8000","26.4000","97.0000","0.0000"
"2016-07-11","0","996.3000","1001.1000","171.0000","1.4000","27.4000","92.0000","0.0000"
"2016-07-11","3","996.2000","1001.0000","251.0000","1.1000","27.7000","91.0000","0.7000"
"2016-07-11","6","994.8000","999.6000","169.0000","0.7000","30.5000","78.0000","0.0000"
"2016-07-11","9","994.1000","998.9000","81.0000","2.4000","30.3000","80.0000","0.0000"
"2016-07-11","12","994.8000","999.6000","999017.0000","0.2000","27.3000","94.0000","2.7000"
"2016-07-11","15","995.8000","1000.6000","206.0000","1.3000","26.4000","97.0000","0.5000"
"2016-07-11","18","994.4000","999.2000","210.0000","2.0000","26.3000","97.0000","0.0000"
"2016-07-11","21","995.2000","1000.0000","185.0000","1.6000","26.2000","98.0000","0.0000"
"2016-07-12","0","996.7000","1001.5000","315.0000","0.6000","27.4000","94.0000","0.0000"
"2016-07-12","3","996.5000","1001.3000","266.0000","1.9000","29.8000","85.0000","0.5000"
"2016-07-12","6","994.9000","999.7000","152.0000","1.8000","34.7000","60.0000","0.0000"
"2016-07-12","9","994.6000","999.4000","125.0000","3.1000","32.4000","69.0000","0.0000"
"2016-07-12","12","995.6000","1000.4000","142.0000","1.8000","30.7000","75.0000","0.0000"
"2016-07-12","15","996.1000","1000.9000","213.0000","1.5000","28.9000","86.0000","0.0000"
"2016-07-12","18","995.4000","1000.2000","209.0000","2.7000","27.8000","93.0000","0.0000"
"2016-07-12","21","995.9000","1000.7000","289.0000","1.2000","27.5000","92.0000","0.0000"
"2016-07-13","0","997.4000","1002.2000","214.0000","3.0000","30.0000","81.0000","0.0000"
"2016-07-13","3","997.1000","1001.9000","239.0000","1.7000","33.7000","67.0000","0.0000"
"2016-07-13","6","995.5000","1000.3000","213.0000","2.4000","35.9000","56.0000","0.0000"
"2016-07-13","9","996.0000","1000.8000","246.0000","4.3000","32.1000","66.0000","0.0000"
"2016-07-13","12","998.0000","1002.8000","304.0000","1.7000","29.1000","83.0000","0.0000"
"2016-07-13","15","999.2000","1004.0000","327.0000","0.9000","28.6000","87.0000","0.0000"
"2016-07-13","18","998.1000","1002.9000","219.0000","1.4000","28.1000","90.0000","0.0000"
"2016-07-13","21","998.6000","1003.4000","225.0000","1.5000","27.7000","92.0000","0.0000"
"2016-07-14","0","999.1000","1003.9000","221.0000","2.2000","29.1000","86.0000","0.0000"
"2016-07-14","3","998.8000","1003.6000","195.0000","4.6000","33.4000","63.0000","0.0000"
"2016-07-14","6","997.1000","1001.9000","333.0000","3.3000","32.1000","67.0000","0.0000"
"2016-07-14","9","997.9000","1002.7000","287.0000","3.2000","30.0000","78.0000","0.0000"
"2016-07-14","12","998.4000","1003.2000","177.0000","0.8000","28.0000","88.0000","0.0000"
"2016-07-14","15","998.7000","1003.5000","309.0000","1.4000","27.6000","90.0000","0.0000"
"2016-07-14","18","997.7000","1002.5000","196.0000","1.4000","27.3000","91.0000","0.0000"
"2016-07-14","21","996.8000","1001.6000","220.0000","2.7000","27.0000","93.0000","0.0000"
"2016-07-15","0","997.1000","1001.9000","214.0000","3.1000","30.4000","76.0000","0.0000"
"2016-07-15","3","996.0000","1000.8000","203.0000","4.5000","33.7000","61.0000","0.0000"
"2016-07-15","6","994.6000","999.4000","211.0000","2.3000","36.3000","52.0000","0.0000"
"2016-07-15","9","993.4000","998.2000","212.0000","5.1000","35.7000","51.0000","0.0000"
"2016-07-15","12","994.7000","999.5000","229.0000","2.1000","33.0000","60.0000","0.0000"
"2016-07-15","15","995.6000","1000.4000","227.0000","2.1000","31.4000","68.0000","0.0000"
"2016-07-15","18","995.9000","1000.6000","287.0000","1.9000","29.4000","80.0000","0.0000"
"2016-07-15","21","997.5000","1002.3000","340.0000","4.1000","25.2000","90.0000","0.3000"
"2016-07-16","0","999.3000","1004.1000","340.0000","2.6000","24.0000","93.0000","2.0000"
"2016-07-16","3","1000.4000","1005.2000","345.0000","1.3000","24.9000","91.0000","0.4000"
"2016-07-16","6","1000.6000","1005.5000","233.0000","0.4000","25.3000","90.0000","0.0000"
"2016-07-16","9","999.9000","1004.8000","86.0000","1.7000","25.9000","87.0000","0.0000"
"2016-07-16","12","1002.1000","1007.0000","281.0000","0.7000","25.6000","90.0000","0.0000"
"2016-07-16","15","1003.0000","1007.9000","220.0000","1.0000","25.8000","89.0000","0.0000"
"2016-07-16","18","1002.2000","1007.1000","225.0000","1.4000","25.0000","93.0000","0.0000"
"2016-07-16","21","1002.4000","1007.3000","232.0000","1.5000","24.7000","95.0000","0.0000"
"2016-07-17","0","1003.6000","1008.5000","157.0000","1.8000","27.3000","86.0000","0.0000"
"2016-07-17","3","1003.0000","1007.9000","260.0000","2.7000","30.7000","66.0000","0.0000"
"2016-07-17","6","1001.7000","1006.5000","200.0000","1.5000","31.8000","62.0000","0.0000"
"2016-07-17","9","1000.7000","1005.5000","239.0000","1.3000","32.6000","60.0000","0.0000"
"2016-07-17","12","1002.0000","1006.8000","65.0000","3.1000","30.0000","78.0000","0.0000"
"2016-07-17","15","1002.3000","1007.1000","61.0000","1.3000","28.5000","87.0000","0.0000"
"2016-07-17","18","1001.5000","1006.3000","226.0000","1.5000","26.9000","94.0000","0.0000"
"2016-07-17","21","1001.4000","1006.2000","225.0000","0.7000","26.1000","96.0000","0.0000"
"2016-07-18","0","1002.5000","1007.3000","174.0000","1.3000","28.9000","80.0000","0.0000"
"2016-07-18","3","1001.4000","1006.2000","170.0000","0.9000","32.7000","63.0000","0.0000"
"2016-07-18","6","999.4000","1004.2000","67.0000","2.1000","33.5000","57.0000","0.0000"
"2016-07-18","9","999.1000","1003.9000","302.0000","0.8000","29.2000","83.0000","0.0000"
"2016-07-18","12","1000.5000","1005.4000","240.0000","1.3000","25.2000","92.0000","0.1000"
"2016-07-18","15","1001.2000","1006.0000","183.0000","1.0000","25.0000","90.0000","0.0000"
"2016-07-18","18","1000.4000","1005.2000","242.0000","0.3000","24.8000","91.0000","0.0000"
"2016-07-18","21","1000.1000","1005.0000","220.0000","1.3000","24.8000","92.0000","0.0000"
"2016-07-19","0","1000.9000","1005.8000","219.0000","3.3000","27.5000","81.0000","0.0000"
"2016-07-19","3","1000.5000","1005.3000","212.0000","3.8000","31.7000","65.0000","0.0000"
"2016-07-19","6","999.7000","1004.5000","239.0000","1.9000","31.8000","64.0000","0.0000"
"2016-07-19","9","998.7000","1003.5000","218.0000","2.0000","31.5000","69.0000","0.0000"
"2016-07-19","12","1000.2000","1005.0000","215.0000","0.7000","30.0000","77.0000","0.0000"
"2016-07-19","15","1001.0000","1005.8000","202.0000","1.5000","29.0000","80.0000","0.0000"
"2016-07-19","18","999.6000","1004.4000","198.0000","2.1000","27.7000","88.0000","0.0000"
"2016-07-19","21","999.0000","1003.8000","208.0000","2.0000","26.5000","93.0000","0.0000"
"2016-07-20","0","1000.2000","1005.0000","200.0000","2.9000","30.3000","72.0000","0.0000"
"2016-07-20","3","999.7000","1004.5000","207.0000","5.4000","34.8000","48.0000","0.0000"
"2016-07-20","6","998.7000","1003.5000","199.0000","4.7000","37.1000","41.0000","0.0000"
"2016-07-20","9","998.7000","1003.5000","217.0000","3.4000","37.0000","40.0000","0.0000"
"2016-07-20","12","1000.2000","1005.0000","224.0000","2.5000","33.0000","53.0000","0.0000"
"2016-07-20","15","1001.3000","1006.1000","208.0000","2.1000","30.6000","63.0000","0.0000"
"2016-07-20","18","1000.9000","1005.7000","210.0000","2.5000","29.0000","69.0000","0.0000"
"2016-07-20","21","1001.7000","1006.5000","222.0000","2.3000","27.3000","79.0000","0.0000"
"2016-07-21","0","1003.0000","1007.8000","197.0000","1.8000","31.1000","63.0000","0.0000"
"2016-07-21","3","1002.4000","1007.2000","210.0000","4.6000","35.6000","47.0000","0.0000"
"2016-07-21","6","1001.5000","1006.3000","205.0000","4.7000","37.2000","44.0000","0.0000"
"2016-07-21","9","1000.2000","1005.0000","195.0000","3.2000","37.6000","42.0000","0.0000"
"2016-07-21","12","1001.0000","1005.8000","258.0000","1.6000","33.5000","53.0000","0.0000"
"2016-07-21","15","1001.9000","1006.7000","208.0000","3.2000","31.4000","66.0000","0.0000"
"2016-07-21","18","1001.7000","1006.5000","207.0000","2.4000","29.9000","70.0000","0.0000"
"2016-07-21","21","1002.1000","1006.9000","199.0000","2.5000","29.0000","75.0000","0.0000"
"2016-07-22","0","1003.2000","1008.0000","194.0000","1.9000","31.6000","68.0000","0.0000"
"2016-07-22","3","1002.7000","1007.5000","212.0000","3.0000","35.5000","51.0000","0.0000"
"2016-07-22","6","1001.0000","1005.8000","220.0000","3.6000","37.6000","45.0000","0.0000"
"2016-07-22","9","1000.0000","1004.8000","226.0000","1.9000","37.2000","45.0000","0.0000"
"2016-07-22","12","1000.7000","1005.5000","238.0000","1.7000","33.4000","54.0000","0.0000"
"2016-07-22","15","1001.7000","1006.5000","190.0000","1.6000","31.3000","67.0000","0.0000"
"2016-07-22","18","1000.9000","1005.7000","205.0000","2.1000","29.8000","74.0000","0.0000"
"2016-07-22","21","1001.2000","1006.0000","207.0000","1.3000","27.7000","83.0000","0.0000"
"2016-07-23","0","1002.7000","1007.5000","221.0000","2.4000","31.3000","69.0000","0.0000"
"2016-07-23","3","1002.5000","1007.3000","169.0000","2.6000","36.2000","52.0000","0.0000"
"2016-07-23","6","1000.5000","1005.3000","206.0000","1.8000","38.3000","42.0000","0.0000"
"2016-07-23","9","999.7000","1004.5000","236.0000","1.6000","38.0000","45.0000","0.0000"
"2016-07-23","12","1000.9000","1005.7000","106.0000","1.5000","35.6000","50.0000","0.0000"
"2016-07-23","15","1001.9000","1006.6000","150.0000","1.2000","33.6000","61.0000","0.0000"
"2016-07-23","18","1001.6000","1006.3000","213.0000","1.1000","31.1000","71.0000","0.0000"
"2016-07-23","21","1002.0000","1006.8000","223.0000","1.8000","29.0000","82.0000","0.0000"
"2016-07-24","0","1003.2000","1008.0000","225.0000","1.2000","32.1000","70.0000","0.0000"
"2016-07-24","3","1003.3000","1008.0000","181.0000","1.9000","36.8000","52.0000","0.0000"
"2016-07-24","6","1001.6000","1006.3000","285.0000","1.7000","38.8000","40.0000","0.0000"
"2016-07-24","9","1001.0000","1005.8000","177.0000","0.9000","39.4000","38.0000","0.0000"
"2016-07-24","12","1001.8000","1006.6000","96.0000","2.1000","35.0000","61.0000","0.0000"
"2016-07-24","15","1003.0000","1007.7000","190.0000","1.4000","33.3000","65.0000","0.0000"
"2016-07-24","18","1002.2000","1006.9000","113.0000","0.5000","31.1000","72.0000","0.0000"
"2016-07-24","21","1002.8000","1007.6000","214.0000","1.9000","29.9000","79.0000","0.0000"
"2016-07-25","0","1003.8000","1008.6000","185.0000","1.6000","32.1000","73.0000","0.0000"
"2016-07-25","3","1003.0000","1007.8000","191.0000","2.5000","35.5000","58.0000","0.0000"
"2016-07-25","6","1001.0000","1005.7000","198.0000","2.0000","38.8000","43.0000","0.0000"
"2016-07-25","9","1000.2000","1005.0000","79.0000","4.1000","37.6000","50.0000","0.0000"
"2016-07-25","12","1001.2000","1006.0000","80.0000","2.8000","35.4000","53.0000","0.0000"
"2016-07-25","15","1001.9000","1006.7000","271.0000","0.6000","32.9000","69.0000","0.0000"
"2016-07-25","18","1000.9000","1005.6000","201.0000","1.4000","31.2000","76.0000","0.0000"
"2016-07-25","21","1001.4000","1006.2000","235.0000","1.7000","29.6000","82.0000","0.0000"
"2016-07-26","0","1002.0000","1006.8000","200.0000","2.7000","31.9000","72.0000","0.0000"
"2016-07-26","3","1001.0000","1005.7000","180.0000","2.7000","36.2000","56.0000","0.0000"
"2016-07-26","6","999.0000","1003.7000","254.0000","2.2000","38.4000","43.0000","0.0000"
"2016-07-26","9","998.2000","1002.9000","291.0000","1.5000","38.8000","42.0000","0.0000"
"2016-07-26","12","999.6000","1004.4000","197.0000","1.1000","32.3000","57.0000","0.0000"
"2016-07-26","15","1000.6000","1005.4000","352.0000","0.7000","31.5000","61.0000","0.0000"
"2016-07-26","18","1000.0000","1004.7000","201.0000","1.3000","30.2000","75.0000","0.0000"
"2016-07-26","21","1000.6000","1005.4000","184.0000","1.5000","29.5000","80.0000","0.0000"
"2016-07-27","0","1001.5000","1006.3000","233.0000","3.1000","31.9000","72.0000","0.0000"
"2016-07-27","3","1000.5000","1005.3000","209.0000","2.8000","36.6000","54.0000","0.0000"
"2016-07-27","6","998.8000","1003.5000","189.0000","1.7000","38.6000","42.0000","0.0000"
"2016-07-27","9","998.7000","1003.4000","240.0000","2.8000","38.2000","42.0000","0.0000"
"2016-07-27","12","1001.4000","1006.2000","135.0000","1.6000","31.5000","55.0000","0.0000"
"2016-07-27","15","1000.7000","1005.5000","221.0000","2.0000","30.8000","58.0000","0.0000"
"2016-07-27","18","1001.1000","1005.8000","281.0000","0.9000","30.1000","69.0000","0.0000"
"2016-07-27","21","1001.1000","1005.9000","222.0000","1.4000","29.5000","75.0000","0.0000"
"2016-07-28","0","1001.9000","1006.7000","242.0000","1.7000","31.9000","70.0000","0.0000"
"2016-07-28","3","1001.5000","1006.3000","206.0000","1.4000","36.7000","55.0000","0.0000"
"2016-07-28","6","1000.3000","1005.0000","202.0000","3.3000","38.6000","43.0000","0.0000"
"2016-07-28","9","999.7000","1004.5000","128.0000","2.0000","38.0000","44.0000","0.0000"
"2016-07-28","12","1000.4000","1005.2000","135.0000","1.7000","34.7000","54.0000","0.0000"
"2016-07-28","15","1001.5000","1006.2000","169.0000","1.8000","33.5000","58.0000","0.0000"
"2016-07-28","18","1001.3000","1006.0000","228.0000","2.7000","30.7000","70.0000","0.0000"
"2016-07-28","21","1001.4000","1006.2000","220.0000","1.8000","29.6000","72.0000","0.0000"
"2016-07-29","0","1002.9000","1007.7000","216.0000","2.4000","31.9000","65.0000","0.0000"
"2016-07-29","3","1002.7000","1007.4000","300.0000","2.3000","36.3000","49.0000","0.0000"
"2016-07-29","6","1001.0000","1005.7000","27.0000","2.4000","38.3000","43.0000","0.0000"
"2016-07-29","9","1000.3000","1005.1000","82.0000","5.4000","38.0000","44.0000","0.0000"
"2016-07-29","12","1001.7000","1006.5000","98.0000","2.3000","34.2000","57.0000","0.0000"
"2016-07-29","15","1002.2000","1007.0000","184.0000","1.5000","32.8000","63.0000","0.0000"
"2016-07-29","18","1001.5000","1006.2000","230.0000","0.9000","30.9000","71.0000","0.0000"
"2016-07-29","21","1002.1000","1006.9000","222.0000","1.5000","29.3000","77.0000","0.0000"
"2016-07-30","0","1003.4000","1008.2000","213.0000","1.0000","31.9000","66.0000","0.0000"
"2016-07-30","3","1003.3000","1008.1000","159.0000","1.3000","36.3000","52.0000","0.0000"
"2016-07-30","6","1002.1000","1006.9000","50.0000","4.0000","37.0000","47.0000","0.0000"
"2016-07-30","9","1000.6000","1005.4000","80.0000","2.8000","36.1000","53.0000","0.0000"
"2016-07-30","12","1001.9000","1006.7000","61.0000","2.9000","33.1000","68.0000","0.0000"
"2016-07-30","15","1003.0000","1007.8000","57.0000","1.9000","31.8000","71.0000","0.0000"
"2016-07-30","18","1002.7000","1007.5000","162.0000","2.4000","30.7000","68.0000","0.0000"
"2016-07-30","21","1002.5000","1007.3000","125.0000","1.9000","29.5000","68.0000","0.0000"
"2016-07-31","0","1003.9000","1008.7000","161.0000","3.4000","31.2000","63.0000","0.0000"
"2016-07-31","3","1003.7000","1008.5000","105.0000","1.0000","34.8000","50.0000","0.0000"
"2016-07-31","6","1002.0000","1006.8000","39.0000","3.4000","35.8000","49.0000","0.0000"
"2016-07-31","9","1000.8000","1005.6000","81.0000","4.9000","34.4000","60.0000","0.0000"
"2016-07-31","12","1002.1000","1006.9000","64.0000","4.4000","31.7000","65.0000","0.0000"
"2016-07-31","15","1003.2000","1008.0000","126.0000","1.9000","30.4000","65.0000","0.0000"
"2016-07-31","18","1002.2000","1007.0000","115.0000","1.9000","29.2000","70.0000","0.0000"
"2016-07-31","21","1002.8000","1007.6000","116.0000","0.9000","28.2000","72.0000","0.0000"
"2016-08-01","0","1003.5000","1008.3000","102.0000","1.8000","31.7000","61.0000","0.0000"
"2016-08-01","3","1002.4000","1007.2000","151.0000","1.7000","33.7000","56.0000","0.0000"
"2016-08-01","6","1001.1000","1005.9000","65.0000","2.5000","34.4000","56.0000","0.0000"
"2016-08-01","9","1000.1000","1004.9000","80.0000","2.1000","34.5000","59.0000","0.0000"
"2016-08-01","12","1000.9000","1005.7000","57.0000","2.0000","31.0000","77.0000","0.0000"
"2016-08-01","15","1001.8000","1006.6000","125.0000","1.4000","30.9000","76.0000","0.0000"
"2016-08-01","18","1001.2000","1006.0000","177.0000","2.5000","30.3000","69.0000","0.0000"
"2016-08-01","21","1000.9000","1005.7000","172.0000","1.4000","29.2000","73.0000","0.0000"
"2016-08-02","0","1001.9000","1006.7000","195.0000","1.7000","30.8000","65.0000","0.0000"
"2016-08-02","3","1001.8000","1006.6000","175.0000","3.0000","34.9000","53.0000","0.0000"
"2016-08-02","6","999.5000","1004.3000","216.0000","2.8000","37.3000","44.0000","0.0000"
"2016-08-02","9","998.0000","1002.8000","51.0000","1.7000","34.8000","56.0000","0.0000"
"2016-08-02","12","1000.1000","1004.9000","88.0000","2.3000","30.9000","70.0000","0.0000"
"2016-08-02","15","1003.1000","1007.9000","310.0000","3.1000","24.5000","94.0000","4.8000"
"2016-08-02","18","1002.5000","1007.3000","221.0000","1.8000","24.7000","96.0000","3.6000"
"2016-08-02","21","1001.5000","1006.3000","215.0000","2.7000","24.9000","95.0000","0.3000"
"2016-08-03","0","1003.2000","1008.1000","227.0000","0.7000","26.2000","89.0000","0.0000"
"2016-08-03","3","1003.9000","1008.8000","332.0000","1.8000","30.8000","70.0000","0.0000"
"2016-08-03","6","1002.4000","1007.2000","334.0000","2.7000","33.0000","62.0000","0.0000"
"2016-08-03","9","1001.8000","1006.6000","28.0000","1.7000","32.2000","63.0000","0.0000"
"2016-08-03","12","1003.2000","1008.1000","203.0000","3.8000","29.7000","75.0000","0.0000"
"2016-08-03","15","1004.2000","1009.1000","266.0000","1.8000","26.7000","86.0000","0.0000"
"2016-08-03","18","1002.8000","1007.6000","226.0000","1.8000","26.0000","85.0000","0.0000"
"2016-08-03","21","1003.5000","1008.3000","999017.0000","0.0000","25.6000","89.0000","0.0000"
"2016-08-04","0","1004.5000","1009.3000","223.0000","2.5000","28.4000","79.0000","0.0000"
"2016-08-04","3","1004.3000","1009.1000","207.0000","2.0000","31.7000","66.0000","0.0000"
"2016-08-04","6","1002.3000","1007.1000","302.0000","2.3000","34.8000","53.0000","0.0000"
"2016-08-04","9","1001.9000","1006.8000","177.0000","2.3000","28.1000","84.0000","0.7000"
"2016-08-04","12","1004.3000","1009.2000","242.0000","1.1000","26.4000","94.0000","1.4000"
"2016-08-04","15","1004.4000","1009.3000","207.0000","2.4000","25.5000","95.0000","0.0000"
"2016-08-04","18","1004.0000","1008.8000","206.0000","1.5000","25.2000","95.0000","0.0000"
"2016-08-04","21","1003.6000","1008.5000","273.0000","0.5000","24.9000","94.0000","0.0000"
"2016-08-05","0","1004.5000","1009.4000","200.0000","0.6000","27.1000","87.0000","0.0000"
"2016-08-05","3","1003.6000","1008.5000","280.0000","1.9000","31.5000","70.0000","0.0000"
"2016-08-05","6","1001.9000","1006.7000","88.0000","1.6000","33.7000","57.0000","0.0000"
"2016-08-05","9","1000.6000","1005.4000","999017.0000","0.0000","32.5000","64.0000","0.0000"
"2016-08-05","12","1002.0000","1006.8000","305.0000","2.9000","29.5000","76.0000","0.0000"
"2016-08-05","15","1002.6000","1007.4000","303.0000","1.9000","29.0000","79.0000","0.0000"
"2016-08-05","18","1001.5000","1006.3000","295.0000","2.4000","28.6000","83.0000","0.0000"
"2016-08-05","21","1001.1000","1005.9000","295.0000","1.9000","27.3000","89.0000","0.0000"
"2016-08-06","0","1001.4000","1006.2000","251.0000","0.9000","29.0000","82.0000","0.0000"
"2016-08-06","3","1000.8000","1005.6000","290.0000","1.7000","32.3000","65.0000","0.0000"
"2016-08-06","6","999.0000","1003.8000","999017.0000","0.0000","28.1000","88.0000","2.0000"
"2016-08-06","9","998.5000","1003.3000","96.0000","1.7000","30.3000","77.0000","0.0000"
"2016-08-06","12","999.2000","1004.0000","82.0000","1.6000","29.7000","81.0000","0.0000"
"2016-08-06","15","999.7000","1004.5000","103.0000","1.8000","28.6000","79.0000","0.0000"
"2016-08-06","18","998.7000","1003.5000","111.0000","1.4000","27.7000","81.0000","0.0000"
"2016-08-06","21","998.9000","1003.7000","110.0000","1.0000","26.9000","88.0000","0.0000"
"2016-08-07","0","999.6000","1004.4000","170.0000","2.9000","29.4000","73.0000","0.0000"
"2016-08-07","3","999.2000","1004.0000","109.0000","1.5000","33.5000","57.0000","0.0000"
"2016-08-07","6","997.7000","1002.5000","92.0000","3.9000","34.9000","53.0000","0.0000"
"2016-08-07","9","997.1000","1001.9000","78.0000","6.5000","32.7000","62.0000","0.0000"
"2016-08-07","12","998.9000","1003.7000","72.0000","3.3000","30.5000","69.0000","0.0000"
"2016-08-07","15","1000.0000","1004.8000","95.0000","4.0000","29.5000","66.0000","0.0000"
"2016-08-07","18","999.4000","1004.2000","85.0000","1.6000","27.8000","74.0000","0.0000"
"2016-08-07","21","999.6000","1004.4000","88.0000","1.9000","27.0000","80.0000","0.0000"
"2016-08-08","0","999.9000","1004.7000","67.0000","2.4000","30.1000","67.0000","0.0000"
"2016-08-08","3","1000.1000","1004.9000","107.0000","2.1000","32.7000","60.0000","0.0000"
"2016-08-08","6","998.3000","1003.1000","86.0000","4.1000","34.7000","50.0000","0.0000"
"2016-08-08","9","998.0000","1002.8000","63.0000","4.9000","32.7000","55.0000","0.0000"
"2016-08-08","12","999.7000","1004.5000","83.0000","1.9000","29.8000","75.0000","0.0000"
"2016-08-08","15","1000.5000","1005.3000","98.0000","4.1000","28.9000","75.0000","0.0000"
"2016-08-08","18","999.7000","1004.5000","112.0000","1.2000","28.1000","77.0000","0.0000"
"2016-08-08","21","999.8000","1004.6000","290.0000","1.1000","25.1000","95.0000","0.7000"
"2016-08-09","0","1000.6000","1005.5000","18.0000","1.0000","25.4000","95.0000","14.2000"
"2016-08-09","3","999.9000","1004.7000","292.0000","1.5000","27.4000","93.0000","2.4000"
"2016-08-09","6","998.4000","1003.2000","59.0000","2.0000","31.7000","70.0000","0.0000"
"2016-08-09","9","998.1000","1003.0000","59.0000","3.2000","28.6000","88.0000","2.7000"
"2016-08-09","12","999.7000","1004.6000","70.0000","1.3000","28.4000","89.0000","0.0000"
"2016-08-09","15","1000.7000","1005.6000","93.0000","2.1000","28.2000","89.0000","0.0000"
"2016-08-09","18","1000.0000","1004.8000","93.0000","1.3000","27.9000","91.0000","0.0000"
"2016-08-09","21","1000.4000","1005.2000","80.0000","1.6000","27.6000","91.0000","0.0000"
"2016-08-10","0","1001.5000","1006.3000","45.0000","1.8000","28.7000","86.0000","0.0000"
"2016-08-10","3","1001.2000","1006.0000","133.0000","1.9000","32.8000","66.0000","0.0000"
"2016-08-10","6","1000.0000","1004.8000","58.0000","3.2000","33.9000","62.0000","0.0000"
"2016-08-10","9","1000.0000","1004.8000","102.0000","4.5000","32.3000","73.0000","0.0000"
"2016-08-10","12","1001.4000","1006.2000","69.0000","1.7000","30.2000","84.0000","0.0000"
"2016-08-10","15","1002.6000","1007.4000","98.0000","1.8000","29.4000","82.0000","0.0000"
"2016-08-10","18","1002.1000","1006.9000","84.0000","1.4000","28.0000","86.0000","0.0000"
"2016-08-10","21","1002.4000","1007.2000","107.0000","0.8000","26.8000","92.0000","0.0000"
"2016-08-11","0","1003.7000","1008.5000","91.0000","2.1000","30.6000","75.0000","0.0000"
"2016-08-11","3","1003.6000","1008.4000","58.0000","3.6000","32.4000","64.0000","0.0000"
"2016-08-11","6","1001.5000","1006.3000","27.0000","3.6000","34.2000","58.0000","0.0000"
"2016-08-11","9","1001.4000","1006.2000","81.0000","3.4000","32.7000","63.0000","0.0000"
"2016-08-11","12","1002.2000","1007.0000","73.0000","3.0000","30.2000","79.0000","0.0000"
"2016-08-11","15","1002.7000","1007.5000","73.0000","2.3000","29.7000","82.0000","0.0000"
"2016-08-11","18","1001.7000","1006.5000","100.0000","1.0000","29.0000","85.0000","0.0000"
"2016-08-11","21","1001.8000","1006.6000","88.0000","1.5000","28.6000","88.0000","0.0000"
"2016-08-12","0","1002.3000","1007.1000","97.0000","2.2000","31.6000","73.0000","0.0000"
"2016-08-12","3","1001.6000","1006.4000","96.0000","1.8000","32.9000","64.0000","0.0000"
"2016-08-12","6","999.9000","1004.7000","50.0000","2.1000","34.2000","60.0000","0.0000"
"2016-08-12","9","998.8000","1003.6000","76.0000","5.3000","33.2000","69.0000","0.0000"
"2016-08-12","12","1000.0000","1004.8000","63.0000","3.0000","31.1000","76.0000","0.0000"
"2016-08-12","15","1000.6000","1005.4000","81.0000","1.5000","30.3000","74.0000","0.0000"
"2016-08-12","18","999.9000","1004.7000","244.0000","0.7000","28.4000","83.0000","0.0000"
"2016-08-12","21","1000.2000","1005.0000","84.0000","0.9000","27.6000","85.0000","0.0000"
"2016-08-13","0","1001.0000","1005.8000","77.0000","2.4000","31.9000","68.0000","0.0000"
"2016-08-13","3","1000.8000","1005.6000","138.0000","2.1000","33.5000","60.0000","0.0000"
"2016-08-13","6","998.7000","1003.5000","137.0000","1.4000","35.1000","58.0000","0.0000"
"2016-08-13","9","998.1000","1002.9000","89.0000","3.0000","33.3000","70.0000","0.0000"
"2016-08-13","12","999.1000","1003.9000","78.0000","2.7000","31.6000","75.0000","0.0000"
"2016-08-13","15","1000.0000","1004.8000","180.0000","1.9000","30.2000","79.0000","0.0000"
"2016-08-13","18","999.1000","1003.9000","124.0000","1.1000","29.2000","81.0000","0.0000"
"2016-08-13","21","999.5000","1004.3000","194.0000","1.2000","27.9000","85.0000","0.0000"
"2016-08-14","0","1000.4000","1005.2000","120.0000","1.2000","31.6000","68.0000","0.0000"
"2016-08-14","3","999.6000","1004.4000","40.0000","1.4000","33.7000","57.0000","0.0000"
"2016-08-14","6","998.1000","1002.9000","52.0000","3.4000","35.2000","51.0000","0.0000"
"2016-08-14","9","997.3000","1002.1000","107.0000","1.5000","35.3000","54.0000","0.0000"
"2016-08-14","12","999.1000","1003.9000","66.0000","2.3000","31.2000","74.0000","0.0000"
"2016-08-14","15","999.5000","1004.3000","50.0000","1.7000","30.7000","75.0000","0.0000"
"2016-08-14","18","997.9000","1002.7000","316.0000","1.0000","28.8000","82.0000","0.0000"
"2016-08-14","21","997.6000","1002.4000","222.0000","1.3000","27.6000","85.0000","0.0000"
"2016-08-15","0","998.8000","1003.6000","169.0000","2.0000","30.6000","74.0000","0.0000"
"2016-08-15","3","998.3000","1003.1000","176.0000","1.5000","34.0000","63.0000","0.0000"
"2016-08-15","6","996.4000","1001.2000","94.0000","1.5000","36.0000","52.0000","0.0000"
"2016-08-15","9","996.0000","1000.8000","74.0000","2.6000","35.4000","56.0000","0.0000"
"2016-08-15","12","997.6000","1002.4000","95.0000","2.4000","31.7000","73.0000","0.0000"
"2016-08-15","15","997.9000","1002.7000","60.0000","1.7000","30.8000","77.0000","0.0000"
"2016-08-15","18","997.0000","1001.8000","296.0000","1.9000","29.1000","84.0000","0.0000"
"2016-08-15","21","997.0000","1001.8000","285.0000","1.8000","28.3000","90.0000","0.0000"
"2016-08-16","0","998.2000","1003.0000","356.0000","2.0000","31.5000","74.0000","0.0000"
"2016-08-16","3","998.2000","1003.0000","5.0000","2.4000","33.2000","64.0000","0.0000"
"2016-08-16","6","996.7000","1001.5000","71.0000","3.0000","35.8000","47.0000","0.0000"
"2016-08-16","9","996.0000","1000.8000","73.0000","3.8000","35.3000","53.0000","0.0000"
"2016-08-16","12","997.1000","1001.9000","89.0000","2.9000","32.1000","64.0000","0.0000"
"2016-08-16","15","997.8000","1002.6000","88.0000","2.2000","30.2000","79.0000","0.0000"
"2016-08-16","18","997.3000","1002.1000","57.0000","2.1000","29.5000","83.0000","0.0000"
"2016-08-16","21","997.5000","1002.3000","10.0000","1.1000","29.1000","85.0000","0.0000"
"2016-08-17","0","998.2000","1003.0000","307.0000","1.3000","29.5000","84.0000","0.0000"
"2016-08-17","3","997.7000","1002.5000","321.0000","1.8000","33.3000","67.0000","0.0000"
"2016-08-17","6","996.0000","1000.8000","100.0000","2.9000","36.0000","51.0000","0.0000"
"2016-08-17","9","995.5000","1000.3000","98.0000","3.7000","34.6000","55.0000","0.0000"
"2016-08-17","12","996.4000","1001.2000","93.0000","2.5000","31.7000","67.0000","0.0000"
"2016-08-17","15","997.1000","1001.9000","70.0000","1.5000","30.7000","73.0000","0.0000"
"2016-08-17","18","996.7000","1001.5000","40.0000","1.7000","29.6000","78.0000","0.0000"
"2016-08-17","21","996.9000","1001.7000","323.0000","1.6000","27.9000","86.0000","0.0000"
"2016-08-18","0","997.7000","1002.5000","184.0000","2.3000","30.6000","75.0000","0.0000"
"2016-08-18","3","997.4000","1002.2000","130.0000","2.3000","34.5000","56.0000","0.0000"
"2016-08-18","6","995.8000","1000.5000","212.0000","3.1000","36.7000","46.0000","0.0000"
"2016-08-18","9","995.1000","999.9000","113.0000","4.3000","36.5000","52.0000","0.0000"
"2016-08-18","12","996.8000","1001.6000","85.0000","2.9000","32.5000","70.0000","0.0000"
"2016-08-18","15","997.4000","1002.2000","74.0000","1.8000","31.6000","75.0000","0.0000"
"2016-08-18","18","997.3000","1002.0000","210.0000","0.4000","29.9000","83.0000","0.0000"
"2016-08-18","21","997.2000","1002.0000","241.0000","1.6000","28.9000","88.0000","0.0000"
"2016-08-19","0","998.5000","1003.3000","186.0000","2.0000","31.0000","80.0000","0.0000"
"2016-08-19","3","998.3000","1003.0000","255.0000","1.1000","35.4000","58.0000","0.0000"
"2016-08-19","6","997.0000","1001.7000","156.0000","2.1000","37.9000","43.0000","0.0000"
"2016-08-19","9","996.8000","1001.6000","337.0000","4.1000","34.1000","58.0000","0.0000"
"2016-08-19","12","998.1000","1002.9000","319.0000","1.3000","32.0000","68.0000","0.0000"
"2016-08-19","15","999.3000","1004.1000","335.0000","0.9000","30.4000","77.0000","0.0000"
"2016-08-19","18","998.9000","1003.6000","316.0000","0.9000","29.7000","76.0000","0.0000"
"2016-08-19","21","998.8000","1003.6000","334.0000","1.1000","28.6000","82.0000","0.0000"
"2016-08-20","0","999.5000","1004.3000","194.0000","1.9000","31.2000","72.0000","0.0000"
"2016-08-20","3","999.3000","1004.1000","291.0000","2.1000","35.6000","59.0000","0.0000"
"2016-08-20","6","996.9000","1001.6000","356.0000","2.6000","39.0000","43.0000","0.0000"
"2016-08-20","9","997.3000","1002.1000","338.0000","2.3000","31.5000","71.0000","0.0000"
"2016-08-20","12","998.6000","1003.4000","353.0000","3.7000","31.7000","67.0000","0.0000"
"2016-08-20","15","999.4000","1004.2000","312.0000","3.4000","29.5000","76.0000","0.0000"
"2016-08-20","18","998.3000","1003.0000","269.0000","0.7000","29.0000","78.0000","0.0000"
"2016-08-20","21","998.8000","1003.6000","321.0000","1.5000","28.1000","82.0000","0.0000"
"2016-08-21","0","999.8000","1004.6000","335.0000","2.2000","30.3000","75.0000","0.0000"
"2016-08-21","3","999.8000","1004.6000","318.0000","1.9000","32.8000","67.0000","0.0000"
"2016-08-21","6","998.4000","1003.2000","320.0000","2.0000","34.5000","61.0000","0.0000"
"2016-08-21","9","998.9000","1003.7000","348.0000","4.9000","27.0000","93.0000","27.2000"
"2016-08-21","12","1000.0000","1004.8000","30.0000","1.0000","27.6000","92.0000","0.0000"
"2016-08-21","15","1000.9000","1005.7000","321.0000","2.1000","27.3000","93.0000","0.0000"
"2016-08-21","18","1001.1000","1005.9000","340.0000","1.5000","27.3000","93.0000","0.0000"
"2016-08-21","21","1001.7000","1006.6000","327.0000","1.5000","27.2000","94.0000","0.0000"
"2016-08-22","0","1002.7000","1007.5000","46.0000","2.9000","29.9000","80.0000","0.0000"
"2016-08-22","3","1002.2000","1007.0000","83.0000","2.6000","33.8000","58.0000","0.0000"
"2016-08-22","6","1000.9000","1005.7000","97.0000","4.8000","34.2000","60.0000","0.0000"
"2016-08-22","9","1000.7000","1005.5000","81.0000","2.0000","34.0000","58.0000","0.0000"
"2016-08-22","12","1001.9000","1006.7000","101.0000","2.6000","31.2000","67.0000","0.0000"
"2016-08-22","15","1002.5000","1007.3000","90.0000","0.8000","29.8000","70.0000","0.0000"
"2016-08-22","18","1001.9000","1006.7000","239.0000","0.5000","28.1000","84.0000","0.0000"
"2016-08-22","21","1001.9000","1006.7000","35.0000","0.7000","28.0000","87.0000","0.0000"
"2016-08-23","0","1003.0000","1007.8000","7.0000","1.0000","30.1000","80.0000","0.0000"
"2016-08-23","3","1002.7000","1007.5000","264.0000","2.5000","30.9000","73.0000","0.0000"
"2016-08-23","6","1000.7000","1005.5000","289.0000","1.7000","32.9000","66.0000","0.0000"
"2016-08-23","9","999.3000","1004.1000","94.0000","1.2000","33.9000","54.0000","0.0000"
"2016-08-23","12","1000.4000","1005.2000","93.0000","3.4000","31.8000","66.0000","0.0000"
"2016-08-23","15","1000.9000","1005.7000","94.0000","3.2000","29.7000","71.0000","0.0000"
"2016-08-23","18","1000.2000","1005.0000","99.0000","1.9000","28.6000","79.0000","0.0000"
"2016-08-23","21","1000.6000","1005.4000","97.0000","1.4000","28.2000","77.0000","0.0000"
"2016-08-24","0","1001.4000","1006.2000","93.0000","1.6000","29.6000","73.0000","0.0000"
"2016-08-24","3","1000.8000","1005.6000","105.0000","1.9000","32.9000","60.0000","0.0000"
"2016-08-24","6","998.8000","1003.6000","160.0000","2.3000","34.6000","51.0000","0.0000"
"2016-08-24","9","998.3000","1003.1000","114.0000","2.7000","34.2000","48.0000","0.0000"
"2016-08-24","12","999.6000","1004.4000","88.0000","3.0000","31.3000","56.0000","0.0000"
"2016-08-24","15","1000.4000","1005.2000","109.0000","3.0000","28.6000","70.0000","0.0000"
"2016-08-24","18","999.7000","1004.5000","48.0000","1.5000","27.0000","76.0000","0.0000"
"2016-08-24","21","999.7000","1004.5000","342.0000","1.1000","26.2000","82.0000","0.0000"
"2016-08-25","0","1000.4000","1005.2000","86.0000","1.1000","29.8000","66.0000","0.0000"
"2016-08-25","3","999.7000","1004.5000","106.0000","1.6000","33.2000","51.0000","0.0000"
"2016-08-25","6","998.1000","1002.9000","62.0000","4.5000","35.2000","45.0000","0.0000"
"2016-08-25","9","997.4000","1002.2000","100.0000","2.7000","34.5000","42.0000","0.0000"
"2016-08-25","12","999.2000","1004.0000","107.0000","2.1000","31.9000","51.0000","0.0000"
"2016-08-25","15","1000.4000","1005.2000","61.0000","1.3000","29.9000","75.0000","0.0000"
"2016-08-25","18","1000.2000","1005.0000","69.0000","1.9000","29.5000","82.0000","0.0000"
"2016-08-25","21","1000.7000","1005.5000","44.0000","2.2000","28.7000","84.0000","0.0000"
"2016-08-26","0","1002.4000","1007.2000","59.0000","2.6000","30.4000","74.0000","0.0000"
"2016-08-26","3","1002.8000","1007.6000","317.0000","0.9000","27.8000","91.0000","14.6000"
"2016-08-26","6","1001.2000","1006.0000","9.0000","4.3000","34.4000","51.0000","0.0000"
"2016-08-26","9","1001.9000","1006.7000","359.0000","7.3000","30.9000","65.0000","0.0000"
"2016-08-26","12","1004.2000","1009.0000","10.0000","6.4000","28.2000","75.0000","0.0000"
"2016-08-26","15","1005.4000","1010.3000","336.0000","3.3000","26.3000","84.0000","0.0000"
"2016-08-26","18","1005.2000","1010.0000","357.0000","3.0000","25.8000","77.0000","0.0000"
"2016-08-26","21","1005.6000","1010.5000","338.0000","2.9000","24.7000","75.0000","0.0000"
"2016-08-27","0","1006.6000","1011.5000","0.0000","4.9000","24.9000","72.0000","0.0000"
"2016-08-27","3","1005.7000","1010.6000","348.0000","3.8000","27.9000","56.0000","0.0000"
"2016-08-27","6","1003.5000","1008.4000","310.0000","4.1000","29.3000","50.0000","0.0000"
"2016-08-27","9","1003.5000","1008.4000","338.0000","5.0000","29.3000","46.0000","0.0000"
"2016-08-27","12","1004.6000","1009.5000","354.0000","2.1000","26.9000","53.0000","0.0000"
"2016-08-27","15","1005.0000","1009.9000","338.0000","2.3000","26.0000","57.0000","0.0000"
"2016-08-27","18","1004.5000","1009.4000","359.0000","4.3000","24.4000","60.0000","0.0000"
"2016-08-27","21","1005.4000","1010.3000","317.0000","1.7000","22.3000","66.0000","0.0000"
"2016-08-28","0","1006.2000","1011.1000","320.0000","3.6000","24.2000","57.0000","0.0000"
"2016-08-28","3","1005.7000","1010.6000","359.0000","7.3000","28.9000","36.0000","0.0000"
"2016-08-28","6","1003.9000","1008.8000","4.0000","5.9000","31.0000","29.0000","0.0000"
"2016-08-28","9","1003.0000","1007.9000","353.0000","4.3000","30.5000","27.0000","0.0000"
"2016-08-28","12","1004.1000","1009.0000","321.0000","2.2000","26.3000","39.0000","0.0000"
"2016-08-28","15","1004.9000","1009.8000","324.0000","3.0000","23.9000","55.0000","0.0000"
"2016-08-28","18","1004.7000","1009.6000","312.0000","2.1000","22.8000","58.0000","0.0000"
"2016-08-28","21","1005.1000","1010.0000","295.0000","0.7000","20.6000","72.0000","0.0000"
"2016-08-29","0","1006.2000","1011.1000","172.0000","0.5000","24.4000","59.0000","0.0000"
"2016-08-29","3","1005.4000","1010.3000","310.0000","1.9000","28.6000","43.0000","0.0000"
"2016-08-29","6","1003.4000","1008.3000","333.0000","2.0000","30.1000","35.0000","0.0000"
"2016-08-29","9","1002.5000","1007.4000","26.0000","4.1000","30.0000","39.0000","0.0000"
"2016-08-29","12","1004.1000","1009.0000","29.0000","3.6000","27.4000","40.0000","0.0000"
"2016-08-29","15","1004.9000","1009.8000","319.0000","2.3000","24.4000","57.0000","0.0000"
"2016-08-29","18","1004.1000","1009.0000","292.0000","1.7000","22.5000","58.0000","0.0000"
"2016-08-29","21","1003.8000","1008.7000","241.0000","1.1000","20.1000","71.0000","0.0000"
"2016-08-30","0","1004.6000","1009.5000","209.0000","1.8000","24.2000","60.0000","0.0000"
"2016-08-30","3","1003.4000","1008.3000","333.0000","2.3000","28.3000","40.0000","0.0000"
"2016-08-30","6","1000.8000","1005.7000","341.0000","3.9000","30.9000","34.0000","0.0000"
"2016-08-30","9","1000.0000","1004.9000","335.0000","5.3000","30.6000","32.0000","0.0000"
"2016-08-30","12","1001.6000","1006.5000","349.0000","0.6000","26.0000","44.0000","0.0000"
"2016-08-30","15","1002.2000","1007.1000","204.0000","1.6000","23.4000","60.0000","0.0000"
"2016-08-30","18","1000.8000","1005.7000","215.0000","2.9000","23.0000","60.0000","0.0000"
"2016-08-30","21","1000.4000","1005.3000","233.0000","0.9000","20.8000","71.0000","0.0000"
"2016-08-31","0","1001.1000","1006.0000","203.0000","2.2000","24.6000","59.0000","0.0000"
"2016-08-31","3","999.8000","1004.7000","219.0000","4.0000","29.2000","41.0000","0.0000"
"2016-08-31","6","997.2000","1002.0000","219.0000","4.3000","32.4000","31.0000","0.0000"
"2016-08-31","9","996.1000","1001.0000","237.0000","1.8000","32.2000","34.0000","0.0000"
"2016-08-31","12","997.4000","1002.3000","244.0000","2.0000","27.9000","48.0000","0.0000"
"2016-08-31","15","998.3000","1003.1000","274.0000","2.4000","27.7000","49.0000","0.0000"
"2016-08-31","18","997.8000","1002.6000","249.0000","1.7000","25.4000","60.0000","0.0000"
"2016-08-31","21","997.1000","1001.9000","233.0000","1.9000","24.2000","65.0000","0.0000"
"2016-09-11","0","1008.5000","1013.4000","44.0000","1.3000","23.3000","72.0000","0.4000"
"2016-09-11","3","1009.3000","1014.3000","123.0000","2.2000","22.2000","82.0000","0.2000"
"2016-09-11","6","1008.6000","1013.6000","174.0000","2.8000","22.2000","73.0000","0.0000"
"2016-09-11","9","1007.8000","1012.8000","149.0000","1.9000","21.1000","85.0000","0.3000"
"2016-09-11","12","1009.9000","1014.9000","337.0000","1.8000","20.0000","93.0000","0.1000"
"2016-09-11","15","1010.5000","1015.5000","295.0000","1.8000","20.0000","94.0000","0.0000"
"2016-09-11","18","1010.2000","1015.2000","322.0000","1.8000","19.6000","95.0000","0.0000"
"2016-09-11","21","1010.8000","1015.8000","323.0000","2.0000","19.3000","96.0000","0.0000"
"2016-09-12","0","1012.1000","1017.1000","330.0000","1.8000","21.1000","89.0000","0.0000"
"2016-09-12","3","1011.5000","1016.5000","202.0000","0.8000","25.8000","65.0000","0.0000"
"2016-09-12","6","1009.8000","1014.8000","325.0000","1.0000","28.0000","56.0000","0.0000"
"2016-09-12","9","1010.1000","1015.1000","112.0000","1.9000","27.9000","55.0000","0.0000"
"2016-09-12","12","1012.3000","1017.3000","103.0000","2.6000","25.3000","72.0000","0.0000"
"2016-09-12","15","1012.4000","1017.4000","96.0000","0.4000","23.4000","81.0000","0.0000"
"2016-09-12","18","1011.9000","1016.9000","320.0000","2.0000","22.0000","87.0000","0.0000"
"2016-09-12","21","1012.1000","1017.1000","332.0000","1.8000","22.3000","90.0000","0.0000"
"2016-09-13","0","1012.6000","1017.6000","48.0000","2.3000","24.3000","79.0000","0.0000"
"2016-09-13","3","1012.5000","1017.5000","30.0000","3.8000","27.2000","64.0000","0.0000"
"2016-09-13","6","1011.4000","1016.4000","66.0000","2.4000","25.8000","68.0000","0.0000"
"2016-09-13","9","1011.6000","1016.6000","218.0000","1.0000","23.7000","88.0000","0.4000"
"2016-09-13","12","1012.6000","1017.6000","181.0000","2.0000","23.0000","93.0000","0.1000"
"2016-09-13","15","1013.2000","1018.2000","227.0000","1.6000","19.9000","95.0000","2.5000"
"2016-09-13","18","1011.3000","1016.3000","331.0000","1.6000","19.8000","95.0000","0.0000"
"2016-09-13","21","1010.9000","1015.9000","352.0000","1.5000","20.1000","97.0000","9.4000"
"2016-09-14","0","1011.7000","1016.7000","10.0000","1.4000","21.0000","96.0000","0.1000"
"2016-09-14","3","1011.6000","1016.6000","2.0000","2.7000","21.7000","96.0000","0.5000"
"2016-09-14","6","1009.7000","1014.7000","343.0000","3.3000","21.5000","97.0000","0.8000"
"2016-09-14","9","1009.0000","1014.0000","338.0000","2.6000","22.1000","97.0000","0.5000"
"2016-09-14","12","1009.8000","1014.8000","353.0000","2.9000","22.2000","92.0000","0.0000"
"2016-09-14","15","1009.2000","1014.2000","344.0000","2.4000","22.0000","96.0000","2.2000"
"2016-09-14","18","1007.7000","1012.7000","349.0000","2.4000","22.1000","98.0000","0.2000"
"2016-09-14","21","1006.8000","1011.8000","357.0000","1.8000","22.6000","98.0000","1.3000"
"2016-09-15","0","1006.9000","1011.9000","36.0000","1.5000","23.8000","98.0000","0.6000"
"2016-09-15","3","1006.3000","1011.3000","41.0000","3.3000","24.5000","95.0000","2.2000"
"2016-09-15","6","1005.1000","1010.0000","67.0000","5.2000","24.5000","95.0000","2.8000"
"2016-09-15","9","1004.5000","1009.4000","62.0000","2.0000","23.8000","95.0000","7.3000"
"2016-09-15","12","1004.9000","1009.8000","100.0000","7.1000","23.4000","95.0000","6.5000"
"2016-09-15","15","1004.2000","1009.1000","94.0000","4.1000","22.8000","95.0000","1.8000"
"2016-09-15","18","1002.3000","1007.2000","115.0000","1.6000","22.9000","97.0000","3.5000"
"2016-09-15","21","1000.6000","1005.5000","110.0000","2.7000","23.5000","97.0000","1.5000"
"2016-09-16","0","1000.4000","1005.3000","139.0000","1.4000","24.1000","97.0000","0.0000"
"2016-09-16","3","1000.4000","1005.3000","158.0000","3.2000","26.2000","86.0000","0.0000"
"2016-09-16","6","999.6000","1004.5000","211.0000","2.0000","27.2000","81.0000","0.0000"
"2016-09-16","9","999.7000","1004.6000","224.0000","2.8000","25.1000","92.0000","0.1000"
"2016-09-16","12","1001.8000","1006.7000","337.0000","2.6000","24.8000","92.0000","0.0000"
"2016-09-16","15","1003.2000","1008.1000","349.0000","1.9000","24.2000","89.0000","0.0000"
"2016-09-16","18","1003.7000","1008.6000","336.0000","3.2000","22.7000","86.0000","0.0000"
"2016-09-16","21","1004.4000","1009.3000","344.0000","2.5000","22.3000","87.0000","0.0000"
"2016-09-17","0","1006.4000","1011.3000","333.0000","2.7000","23.0000","84.0000","0.0000"
"2016-09-17","3","1006.8000","1011.7000","4.0000","4.0000","25.3000","78.0000","0.0000"
"2016-09-17","6","1005.0000","1009.9000","348.0000","5.0000","27.6000","64.0000","0.0000"
"2016-09-17","9","1005.4000","1010.3000","350.0000","4.1000","26.3000","71.0000","0.0000"
"2016-09-17","12","1006.4000","1011.3000","358.0000","2.2000","25.2000","75.0000","0.0000"
"2016-09-17","15","1006.9000","1011.8000","22.0000","3.9000","24.4000","78.0000","0.0000"
"2016-09-17","18","1005.8000","1010.7000","355.0000","3.7000","23.1000","84.0000","0.0000"
"2016-09-17","21","1006.2000","1011.1000","0.0000","4.9000","22.6000","85.0000","0.0000"
"2016-09-18","0","1007.0000","1011.9000","354.0000","3.5000","23.0000","82.0000","0.0000"
"2016-09-18","3","1006.5000","1011.4000","28.0000","5.6000","26.3000","65.0000","0.0000"
"2016-09-18","6","1004.7000","1009.6000","7.0000","4.4000","27.9000","57.0000","0.0000"
"2016-09-18","9","1004.4000","1009.3000","359.0000","5.2000","27.4000","52.0000","0.0000"
"2016-09-18","12","1006.2000","1011.1000","7.0000","4.6000","25.5000","64.0000","0.0000"
"2016-09-18","15","1007.5000","1012.4000","12.0000","5.5000","23.3000","68.0000","0.0000"
"2016-09-18","18","1006.8000","1011.7000","350.0000","2.8000","21.8000","76.0000","0.0000"
"2016-09-18","21","1007.0000","1011.9000","331.0000","4.7000","21.2000","77.0000","0.0000"
"2016-09-19","0","1008.2000","1013.2000","329.0000","2.8000","22.2000","76.0000","0.0000"
"2016-09-19","3","1008.3000","1013.3000","15.0000","4.5000","24.4000","67.0000","0.0000"
"2016-09-19","6","1007.4000","1012.3000","12.0000","6.2000","26.8000","56.0000","0.0000"
"2016-09-19","9","1008.3000","1013.3000","351.0000","5.3000","23.8000","72.0000","0.1000"
"2016-09-19","12","1010.4000","1015.4000","302.0000","2.3000","20.8000","92.0000","1.1000"
"2016-09-19","15","1011.1000","1016.1000","18.0000","2.6000","21.4000","80.0000","0.0000"
"2016-09-19","18","1011.1000","1016.1000","333.0000","2.4000","20.2000","75.0000","0.0000"
"2016-09-19","21","1012.0000","1017.0000","319.0000","2.7000","19.1000","75.0000","0.0000"
"2016-09-20","0","1013.2000","1018.2000","341.0000","3.5000","21.1000","68.0000","0.0000"
"2016-09-20","3","1013.5000","1018.5000","354.0000","2.6000","23.9000","58.0000","0.0000"
"2016-09-20","6","1012.2000","1017.2000","7.0000","4.6000","26.9000","43.0000","0.0000"
"2016-09-20","9","1012.6000","1017.6000","11.0000","4.5000","25.4000","42.0000","0.0000"
"2016-09-20","12","1013.7000","1018.7000","25.0000","1.7000","22.1000","53.0000","0.0000"
"2016-09-20","15","1014.0000","1019.0000","326.0000","2.2000","20.5000","65.0000","0.0000"
"2016-09-20","18","1013.8000","1018.8000","327.0000","1.4000","19.4000","74.0000","0.0000"
"2016-09-20","21","1014.1000","1019.1000","330.0000","1.0000","18.6000","80.0000","0.0000"
"2016-09-21","0","1015.5000","1020.5000","219.0000","0.7000","21.7000","69.0000","0.0000"
"2016-09-21","3","1015.4000","1020.4000","17.0000","2.4000","25.2000","59.0000","0.0000"
"2016-09-21","6","1013.1000","1018.1000","328.0000","3.0000","26.2000","56.0000","0.0000"
"2016-09-21","9","1013.2000","1018.2000","348.0000","1.5000","24.9000","67.0000","0.0000"
"2016-09-21","12","1014.1000","1019.1000","320.0000","2.4000","21.3000","91.0000","0.5000"
"2016-09-21","15","1014.1000","1019.1000","310.0000","1.0000","20.8000","93.0000","0.0000"
"2016-09-21","18","1013.1000","1018.1000","341.0000","1.7000","20.2000","94.0000","0.0000"
"2016-09-21","21","1012.9000","1017.9000","320.0000","1.6000","19.5000","96.0000","0.0000"
"2016-09-22","0","1013.9000","1018.9000","281.0000","1.5000","20.7000","91.0000","0.0000"
"2016-09-22","3","1013.0000","1018.0000","187.0000","2.5000","26.4000","62.0000","0.0000"
"2016-09-22","6","1010.8000","1015.8000","117.0000","2.3000","28.7000","54.0000","0.0000"
"2016-09-22","9","1010.6000","1015.6000","91.0000","2.6000","26.8000","57.0000","0.0000"
"2016-09-22","12","1011.7000","1016.7000","91.0000","3.6000","24.4000","72.0000","0.0000"
"2016-09-22","15","1012.0000","1017.0000","86.0000","2.7000","23.1000","80.0000","0.0000"
"2016-09-22","18","1011.6000","1016.5000","33.0000","1.1000","21.9000","84.0000","0.0000"
"2016-09-22","21","1011.3000","1016.3000","324.0000","1.7000","20.5000","92.0000","0.0000"
"2016-09-23","0","1011.8000","1016.8000","335.0000","0.7000","22.7000","84.0000","0.0000"
"2016-09-23","3","1010.9000","1015.9000","222.0000","1.7000","26.4000","68.0000","0.0000"
"2016-09-23","6","1008.4000","1013.3000","90.0000","2.5000","29.5000","53.0000","0.0000"
"2016-09-23","9","1008.2000","1013.2000","96.0000","4.5000","27.2000","61.0000","0.0000"
"2016-09-23","12","1009.5000","1014.5000","80.0000","2.5000","24.3000","77.0000","0.0000"
"2016-09-23","15","1009.7000","1014.6000","82.0000","2.0000","23.4000","79.0000","0.0000"
"2016-09-23","18","1008.8000","1013.7000","317.0000","1.8000","21.4000","88.0000","0.0000"
"2016-09-23","21","1008.9000","1013.9000","319.0000","1.7000","20.7000","93.0000","0.0000"
"2016-09-24","0","1009.8000","1014.8000","301.0000","1.0000","22.7000","87.0000","0.0000"
"2016-09-24","3","1009.2000","1014.1000","193.0000","1.3000","27.8000","64.0000","0.0000"
"2016-09-24","6","1006.6000","1011.5000","54.0000","3.8000","29.6000","55.0000","0.0000"
"2016-09-24","9","1006.3000","1011.2000","78.0000","5.2000","27.8000","64.0000","0.0000"
"2016-09-24","12","1007.8000","1012.8000","60.0000","2.5000","24.4000","78.0000","0.0000"
"2016-09-24","15","1008.0000","1012.9000","73.0000","1.5000","23.7000","82.0000","0.0000"
"2016-09-24","18","1007.1000","1012.0000","325.0000","1.4000","21.9000","91.0000","0.0000"
"2016-09-24","21","1007.5000","1012.4000","324.0000","1.1000","21.2000","93.0000","0.0000"
"2016-09-25","0","1008.7000","1013.7000","195.0000","1.1000","23.4000","87.0000","0.0000"
"2016-09-25","3","1008.9000","1013.8000","102.0000","2.4000","28.5000","65.0000","0.0000"
"2016-09-25","6","1006.4000","1011.3000","85.0000","2.9000","29.9000","58.0000","0.0000"
"2016-09-25","9","1006.6000","1011.5000","57.0000","2.8000","28.9000","57.0000","0.0000"
"2016-09-25","12","1008.0000","1012.9000","83.0000","2.9000","25.2000","76.0000","0.0000"
"2016-09-25","15","1007.9000","1012.8000","53.0000","1.4000","24.4000","85.0000","0.0000"
"2016-09-25","18","1007.2000","1012.1000","11.0000","0.9000","22.8000","87.0000","0.0000"
"2016-09-25","21","1007.2000","1012.1000","358.0000","0.5000","21.8000","93.0000","0.0000"
"2016-09-26","0","1008.4000","1013.3000","307.0000","1.3000","24.1000","83.0000","0.0000"
"2016-09-26","3","1007.7000","1012.6000","174.0000","1.6000","28.5000","57.0000","0.0000"
"2016-09-26","6","1005.4000","1010.3000","37.0000","4.1000","30.3000","56.0000","0.0000"
"2016-09-26","9","1005.6000","1010.5000","81.0000","2.6000","28.9000","66.0000","0.0000"
"2016-09-26","12","1007.0000","1011.9000","96.0000","3.5000","26.4000","78.0000","0.0000"
"2016-09-26","15","1007.1000","1012.0000","315.0000","0.8000","25.4000","86.0000","0.0000"
"2016-09-26","18","1005.7000","1010.6000","46.0000","1.3000","24.7000","92.0000","0.0000"
"2016-09-26","21","1005.7000","1010.6000","87.0000","1.5000","24.9000","90.0000","0.0000"
"2016-09-27","0","1006.9000","1011.8000","79.0000","2.1000","26.2000","86.0000","0.0000"
"2016-09-27","3","1006.3000","1011.2000","72.0000","3.0000","28.5000","77.0000","0.0000"
"2016-09-27","6","1004.3000","1009.2000","96.0000","3.6000","31.1000","63.0000","0.0000"
"2016-09-27","9","1004.6000","1009.5000","104.0000","4.2000","28.7000","72.0000","0.0000"
"2016-09-27","12","1006.1000","1011.0000","40.0000","3.4000","27.4000","85.0000","0.0000"
"2016-09-27","15","1005.2000","1010.1000","70.0000","3.1000","27.1000","87.0000","0.0000"
"2016-09-27","18","1004.2000","1009.1000","56.0000","1.7000","26.2000","95.0000","1.2000"
"2016-09-27","21","1003.0000","1007.9000","28.0000","2.9000","26.4000","94.0000","0.0000"
"2016-09-28","0","1004.7000","1009.6000","46.0000","3.4000","26.9000","91.0000","0.0000"
"2016-09-28","3","1004.5000","1009.4000","65.0000","4.3000","27.9000","86.0000","0.0000"
"2016-09-28","6","1003.2000","1008.1000","92.0000","7.5000","26.2000","94.0000","5.5000"
"2016-09-28","9","1004.2000","1009.1000","53.0000","5.1000","24.7000","93.0000","1.3000"
"2016-09-28","12","1006.1000","1011.0000","57.0000","3.9000","23.1000","94.0000","3.0000"
"2016-09-28","15","1006.7000","1011.6000","51.0000","3.4000","22.6000","95.0000","1.8000"
"2016-09-28","18","1005.6000","1010.5000","38.0000","5.5000","22.0000","94.0000","1.2000"
"2016-09-28","21","1005.5000","1010.5000","29.0000","4.1000","21.5000","95.0000","0.5000"
"2016-09-29","0","1007.8000","1012.8000","345.0000","2.3000","21.5000","97.0000","3.1000"
"2016-09-29","3","1007.9000","1012.9000","359.0000","5.1000","21.6000","96.0000","0.4000"
"2016-09-29","6","1006.4000","1011.4000","355.0000","6.9000","21.0000","95.0000","0.1000"
"2016-09-29","9","1006.4000","1011.4000","356.0000","4.0000","20.6000","96.0000","1.4000"
"2016-09-29","12","1007.6000","1012.6000","10.0000","3.1000","20.3000","97.0000","1.5000"
"2016-09-29","15","1007.9000","1012.9000","342.0000","2.6000","19.9000","97.0000","0.3000"
"2016-09-29","18","1006.4000","1011.4000","354.0000","1.8000","19.6000","97.0000","0.2000"
"2016-09-30","3","1007.3000","1012.3000","323.0000","2.3000","22.4000","86.0000","0.0000"
"2016-09-30","6","1005.5000","1010.5000","164.0000","1.0000","24.7000","80.0000","0.0000"
"2016-09-30","9","1006.2000","1011.2000","16.0000","3.5000","24.1000","81.0000","0.0000"
"2016-09-30","12","1008.4000","1013.4000","351.0000","2.3000","22.5000","83.0000","0.0000"
"2016-09-30","15","1008.9000","1013.9000","334.0000","1.4000","21.7000","89.0000","0.0000"
"2016-09-30","18","1008.8000","1013.8000","319.0000","0.9000","20.9000","96.0000","0.0000"
"2016-09-30","21","1008.6000","1013.6000","284.0000","0.7000","21.0000","96.0000","0.0000"
"2016-10-01","0","1009.4000","1014.4000","999017.0000","0.1000","22.3000","93.0000","0.0000"
"2016-10-01","3","1010.0000","1015.0000","188.0000","1.1000","25.1000","82.0000","0.0000"
"2016-10-01","6","1008.1000","1013.0000","222.0000","1.4000","27.3000","75.0000","0.0000"
"2016-10-01","9","1007.5000","1012.4000","99.0000","1.1000","28.1000","74.0000","0.0000"
"2016-10-01","12","1009.0000","1014.0000","326.0000","0.9000","25.1000","90.0000","0.0000"
"2016-10-01","15","1009.2000","1014.1000","322.0000","2.2000","24.1000","94.0000","0.0000"
"2016-10-01","18","1008.3000","1013.2000","334.0000","0.8000","23.5000","95.0000","0.0000"
"2016-10-01","21","1007.2000","1012.1000","172.0000","2.0000","23.7000","95.0000","0.0000"
"2016-10-02","0","1007.8000","1012.7000","227.0000","2.1000","25.6000","89.0000","0.0000"
"2016-10-02","3","1007.0000","1011.9000","220.0000","2.9000","30.1000","64.0000","0.0000"
"2016-10-02","6","1004.4000","1009.3000","208.0000","2.3000","32.8000","52.0000","0.0000"
"2016-10-02","9","1004.1000","1009.0000","235.0000","1.4000","29.9000","66.0000","0.0000"
"2016-10-02","12","1005.9000","1010.8000","9.0000","5.9000","25.8000","79.0000","0.0000"
"2016-10-02","15","1006.4000","1011.3000","358.0000","2.3000","23.2000","93.0000","0.0000"
"2016-10-02","18","1005.5000","1010.4000","5.0000","1.0000","22.7000","91.0000","0.0000"
"2016-10-02","21","1005.6000","1010.5000","11.0000","2.7000","22.6000","90.0000","0.0000"
"2016-10-03","0","1007.4000","1012.3000","13.0000","2.6000","22.4000","85.0000","0.0000"
"2016-10-03","3","1007.9000","1012.9000","10.0000","1.9000","23.6000","79.0000","0.0000"
"2016-10-03","6","1005.8000","1010.7000","35.0000","2.6000","25.4000","72.0000","0.0000"
"2016-10-03","9","1006.2000","1011.2000","44.0000","3.6000","24.2000","79.0000","0.0000"
"2016-10-03","12","1007.5000","1012.5000","29.0000","1.8000","24.0000","78.0000","0.0000"
"2016-10-03","15","1008.2000","1013.2000","62.0000","3.1000","23.1000","76.0000","0.0000"
"2016-10-03","18","1007.7000","1012.7000","347.0000","1.3000","20.8000","80.0000","0.0000"
"2016-10-03","21","1007.5000","1012.5000","303.0000","1.9000","20.7000","88.0000","0.0000"
"2016-10-04","0","1008.0000","1013.0000","330.0000","2.3000","21.6000","84.0000","0.0000"
"2016-10-04","3","1007.4000","1012.4000","344.0000","2.0000","23.1000","74.0000","0.0000"
"2016-10-04","6","1005.5000","1010.5000","329.0000","1.3000","24.5000","71.0000","0.0000"
"2016-10-04","9","1005.1000","1010.1000","327.0000","1.5000","23.9000","75.0000","0.0000"
"2016-10-04","12","1006.4000","1011.4000","330.0000","1.3000","22.9000","78.0000","0.0000"
"2016-10-04","15","1006.8000","1011.8000","310.0000","1.5000","22.6000","80.0000","0.0000"
"2016-10-04","18","1006.6000","1011.6000","335.0000","2.0000","20.3000","90.0000","0.0000"
"2016-10-04","21","1007.9000","1012.9000","250.0000","1.4000","19.9000","90.0000","0.0000"
"2016-10-05","0","1010.0000","1015.0000","32.0000","0.9000","22.7000","80.0000","0.0000"
"2016-10-05","3","1010.2000","1015.2000","340.0000","1.5000","25.4000","68.0000","0.0000"
"2016-10-05","6","1009.2000","1014.2000","126.0000","1.5000","26.5000","64.0000","0.0000"
"2016-10-05","9","1009.4000","1014.4000","52.0000","2.8000","26.5000","64.0000","0.0000"
"2016-10-05","12","1011.5000","1016.5000","59.0000","2.0000","25.4000","72.0000","0.0000"
"2016-10-05","15","1012.3000","1017.3000","8.0000","3.3000","24.7000","76.0000","0.0000"
"2016-10-05","18","1012.0000","1016.9000","84.0000","2.0000","24.2000","86.0000","0.0000"
"2016-10-05","21","1013.0000","1018.0000","37.0000","2.7000","22.8000","82.0000","0.0000"
"2016-10-06","0","1014.9000","1019.9000","56.0000","4.1000","23.1000","81.0000","0.0000"
"2016-10-06","3","1014.9000","1019.9000","53.0000","4.7000","25.2000","69.0000","0.0000"
"2016-10-06","6","1013.4000","1018.4000","59.0000","1.5000","23.9000","82.0000","0.8000"
"2016-10-06","9","1014.2000","1019.2000","64.0000","3.2000","23.0000","69.0000","0.0000"
"2016-10-06","12","1015.1000","1020.1000","85.0000","1.5000","22.2000","74.0000","0.0000"
"2016-10-06","15","1014.2000","1019.2000","87.0000","1.8000","21.5000","76.0000","0.0000"
"2016-10-06","18","1012.8000","1017.8000","4.0000","1.5000","20.9000","80.0000","0.0000"
"2016-10-06","21","1012.0000","1017.0000","25.0000","2.3000","20.1000","81.0000","0.0000"
"2016-10-07","0","1012.5000","1017.5000","38.0000","3.3000","20.3000","83.0000","0.0000"
"2016-10-07","3","1010.9000","1015.9000","331.0000","1.8000","20.2000","92.0000","0.3000"
"2016-10-07","6","1009.1000","1014.1000","299.0000","2.5000","20.0000","96.0000","0.0000"
"2016-10-07","9","1008.7000","1013.7000","310.0000","1.5000","20.4000","97.0000","0.0000"
"2016-10-07","12","1008.9000","1013.9000","319.0000","1.8000","20.7000","98.0000","0.6000"
"2016-10-07","15","1008.9000","1013.9000","353.0000","2.5000","20.9000","98.0000","2.5000"
"2016-10-07","18","1008.1000","1013.1000","342.0000","4.1000","20.4000","97.0000","2.0000"
"2016-10-07","21","1008.2000","1013.2000","355.0000","4.8000","20.0000","97.0000","1.9000"
"2016-10-08","0","1010.6000","1015.6000","2.0000","4.2000","19.4000","94.0000","1.0000"
"2016-10-08","3","1011.0000","1016.0000","5.0000","5.5000","20.3000","81.0000","0.0000"
"2016-10-08","6","1010.1000","1015.1000","17.0000","3.6000","22.1000","72.0000","0.0000"
"2016-10-08","9","1011.1000","1016.1000","357.0000","3.2000","20.5000","80.0000","0.0000"
"2016-10-08","12","1013.9000","1019.0000","41.0000","4.6000","20.2000","66.0000","0.0000"
"2016-10-08","15","1014.9000","1020.0000","15.0000","5.5000","18.6000","60.0000","0.0000"
"2016-10-08","18","1014.9000","1020.0000","340.0000","2.4000","16.4000","73.0000","0.0000"
"2016-10-08","21","1015.2000","1020.3000","354.0000","3.3000","16.5000","64.0000","0.0000"
"2016-10-09","0","1016.4000","1021.5000","1.0000","4.0000","17.5000","66.0000","0.0000"
"2016-10-09","3","1016.1000","1021.2000","66.0000","2.5000","21.4000","56.0000","0.0000"
"2016-10-09","6","1014.0000","1019.1000","54.0000","3.5000","21.7000","49.0000","0.0000"
"2016-10-09","9","1014.3000","1019.4000","28.0000","5.6000","20.4000","55.0000","0.0000"
"2016-10-09","12","1016.1000","1021.2000","52.0000","6.0000","18.8000","58.0000","0.0000"
"2016-10-09","15","1016.3000","1021.4000","57.0000","4.4000","17.1000","60.0000","0.0000"
"2016-10-09","18","1015.4000","1020.5000","4.0000","1.3000","15.4000","67.0000","0.0000"
"2016-10-09","21","1014.5000","1019.6000","333.0000","2.5000","14.1000","80.0000","0.0000"
"2016-10-11","0","1015.5000","1020.6000","351.0000","2.2000","18.7000","74.0000","0.0000"
"2016-10-11","3","1014.7000","1019.7000","45.0000","3.5000","21.2000","66.0000","0.0000"
"2016-10-11","6","1012.8000","1017.8000","64.0000","3.0000","23.8000","50.0000","0.0000"
"2016-10-11","9","1013.2000","1018.2000","87.0000","2.4000","23.0000","56.0000","0.0000"
"2016-10-11","12","1015.1000","1020.2000","105.0000","3.5000","21.6000","70.0000","0.0000"
"2016-10-11","15","1015.9000","1020.9000","45.0000","2.8000","20.3000","66.0000","0.0000"
"2016-10-11","18","1015.7000","1020.7000","347.0000","2.3000","18.8000","73.0000","0.0000"
"2016-10-11","21","1016.7000","1021.7000","4.0000","1.9000","19.2000","74.0000","0.0000"
"2016-10-12","0","1018.4000","1023.5000","56.0000","4.5000","19.9000","60.0000","0.0000"
"2016-10-12","3","1018.3000","1023.4000","46.0000","2.9000","20.9000","68.0000","0.0000"
"2016-10-12","6","1016.4000","1021.5000","100.0000","3.1000","22.1000","59.0000","0.0000"
"2016-10-12","9","1016.5000","1021.6000","39.0000","3.7000","21.2000","57.0000","0.0000"
"2016-10-12","12","1017.4000","1022.5000","360.0000","1.4000","20.4000","63.0000","0.0000"
"2016-10-12","15","1017.0000","1022.1000","326.0000","1.6000","19.3000","78.0000","0.0000"
"2016-10-12","18","1016.1000","1021.1000","327.0000","1.9000","18.9000","83.0000","0.0000"
"2016-10-12","21","1015.8000","1020.9000","14.0000","2.3000","19.3000","79.0000","0.0000"
"2016-10-13","0","1017.0000","1022.1000","74.0000","2.0000","19.8000","78.0000","0.0000"
"2016-10-13","3","1017.6000","1022.7000","39.0000","3.7000","21.4000","64.0000","0.0000"
"2016-10-13","6","1015.2000","1020.2000","48.0000","2.3000","21.6000","63.0000","0.0000"
"2016-10-13","9","1015.3000","1020.3000","46.0000","2.3000","21.3000","61.0000","0.0000"
"2016-10-13","12","1016.8000","1021.9000","24.0000","2.2000","20.3000","69.0000","0.0000"
"2016-10-13","15","1016.6000","1021.6000","41.0000","1.8000","19.8000","71.0000","0.0000"
"2016-10-13","18","1015.8000","1020.9000","352.0000","1.5000","19.1000","75.0000","0.0000"
"2016-10-13","21","1015.9000","1021.0000","352.0000","2.5000","18.0000","89.0000","0.3000"
"2016-10-14","0","1017.4000","1022.5000","46.0000","3.0000","18.4000","88.0000","0.0000"
"2016-10-14","3","1017.8000","1022.9000","2.0000","1.6000","18.8000","82.0000","0.0000"
"2016-10-14","6","1015.8000","1020.9000","359.0000","1.9000","18.5000","84.0000","0.0000"
"2016-10-14","9","1015.5000","1020.6000","349.0000","2.0000","18.2000","81.0000","0.0000"
"2016-10-14","12","1016.5000","1021.6000","1.0000","1.4000","18.3000","83.0000","0.0000"
"2016-10-14","15","1015.9000","1021.0000","354.0000","1.8000","18.2000","87.0000","0.0000"
"2016-10-14","18","1015.4000","1020.5000","202.0000","1.1000","18.4000","89.0000","0.0000"
"2016-10-14","21","1015.2000","1020.3000","360.0000","2.3000","18.5000","90.0000","0.0000"
"2016-10-15","0","1016.5000","1021.6000","35.0000","2.0000","19.0000","95.0000","0.0000"
"2016-10-15","3","1015.8000","1020.9000","357.0000","1.1000","19.8000","94.0000","0.6000"
"2016-10-15","6","1013.7000","1018.8000","334.0000","1.5000","20.3000","96.0000","0.1000"
"2016-10-15","9","1013.7000","1018.8000","333.0000","2.2000","20.3000","96.0000","0.0000"
"2016-10-15","12","1014.5000","1019.6000","344.0000","0.9000","20.0000","97.0000","0.0000"
"2016-10-15","15","1013.9000","1019.0000","999017.0000","0.0000","19.8000","97.0000","0.0000"
"2016-10-15","18","1012.9000","1017.9000","215.0000","1.7000","19.7000","97.0000","0.0000"
"2016-10-15","21","1012.8000","1017.8000","216.0000","3.2000","19.6000","97.0000","0.0000"
"2016-10-16","0","1013.9000","1018.9000","327.0000","0.6000","20.4000","95.0000","0.0000"
"2016-10-16","3","1013.9000","1018.9000","342.0000","2.2000","24.6000","76.0000","0.0000"
"2016-10-16","6","1011.7000","1016.7000","301.0000","1.8000","26.8000","67.0000","0.0000"
"2016-10-16","9","1011.7000","1016.7000","10.0000","4.1000","24.9000","74.0000","0.0000"
"2016-10-16","12","1013.8000","1018.8000","353.0000","4.3000","22.7000","77.0000","0.0000"
"2016-10-16","15","1014.7000","1019.7000","7.0000","2.1000","21.9000","80.0000","0.0000"
"2016-10-16","18","1014.5000","1019.5000","344.0000","2.0000","21.3000","83.0000","0.0000"
"2016-10-16","21","1014.2000","1019.2000","35.0000","3.0000","20.4000","81.0000","0.0000"
"2016-10-17","0","1015.6000","1020.6000","35.0000","2.1000","20.1000","80.0000","0.0000"
"2016-10-17","3","1015.6000","1020.6000","104.0000","1.5000","19.6000","90.0000","0.1000"
"2016-10-17","6","1013.4000","1018.4000","81.0000","1.2000","21.3000","79.0000","0.0000"
"2016-10-17","9","1013.7000","1018.7000","109.0000","1.1000","20.9000","79.0000","0.0000"
"2016-10-17","12","1014.3000","1019.4000","17.0000","0.7000","19.6000","87.0000","0.0000"
"2016-10-17","15","1014.7000","1019.8000","222.0000","0.9000","18.9000","92.0000","0.0000"
"2016-10-17","18","1014.0000","1019.0000","341.0000","1.5000","19.1000","92.0000","0.0000"
"2016-10-17","21","1013.9000","1018.9000","322.0000","2.5000","19.3000","90.0000","0.0000"
